method,seats,original_divisor,modified_divisor,state_number,population,initial_quota,final_quota,initial_fair_share,final_fair_share
Adam,65,83.58461538461539,88.80865384615385,1,354,4.2352,3.9861,5,4
Adam,65,83.58461538461539,88.80865384615385,2,645,7.7167,7.2628,8,8
Adam,65,83.58461538461539,88.80865384615385,3,567,6.7835,6.3845,7,7
Adam,65,83.58461538461539,88.80865384615385,4,423,5.0607,4.763,6,5
Adam,65,83.58461538461539,88.80865384615385,5,2333,27.9118,26.27,28,27
Adam,65,83.58461538461539,88.80865384615385,6,455,5.4436,5.1234,6,6
Adam,65,83.58461538461539,88.80865384615385,7,656,7.8483,7.3867,8,8
