method,seats,original_divisor,modified_divisor,lowest_possible_estimated_divisor,highest_possible_estimated_divisor,state_number,population,initial_quota,final_quota,initial_fair_share,final_fair_share
Jefferson,54452,33900.019521780654,33897.91588229807,33897.805,33898.026,1,234523445,6918.0917,6918.5211,6918,6918
,,,,,,2,234532456,6918.3575,6918.7869,6918,6918
,,,,,,3,364545365,10753.5444,10754.2117,10753,10754
,,,,,,4,124313254,3667.0555,3667.2831,3667,3667
,,,,,,5,653476888,19276.5933,19277.7895,19276,19277
,,,,,,6,234532455,6918.3575,6918.7869,6918,6918
